First_Name,Last_Name,Email,Gender,Password
Drake,O'Crigane,docrigane0@scientificamerican.com,Male,Gk5hHTu6tCg
Louisa,MacUchadair,lmacuchadair1@ow.ly,Female,mPKXyb
Rikki,Spaxman,rspaxman2@lulu.com,Male,4cPvfbhI1nor
Lonnie,Renshall,lrenshall3@w3.org,Male,v1wuHAsd4x5
Rosemonde,Weben,rweben4@eventbrite.com,Female,z2MVNq8uj
Quinn,MacKibbon,qmackibbon5@behance.net,Female,P2Bba9Bv4
Smith,Gascoyen,sgascoyen6@scientificamerican.com,Male,2Ezjj3LARZ
Erek,Jaine,ejaine7@facebook.com,Male,tA0krHKk
Eulalie,Lackington,elackington8@google.com.hk,Female,IAgymOXgu
Etti,Cisar,ecisar9@elpais.com,Female,iMbX7Futrdbh
Illa,Spinage,ispinagea@google.com.hk,Female,EnfRmLwL
Bendite,Baugh,bbaughb@technorati.com,Female,sR9PLxH
Gerrie,Espley,gespleyc@mac.com,Male,ZAdtYRgdNWn
Byrle,Glanville,bglanvilled@php.net,Male,n5RJMSLFk
Florence,Mayers,fmayerse@mapquest.com,Female,VZX8hxe
Blake,Clunie,bclunief@dyndns.org,Female,VrNvrTwIFRk
Freddy,Gatley,fgatleyg@blogger.com,Male,V5CKfBhfH4p
Felice,Whitlaw,fwhitlawh@i2i.jp,Female,06P2l4eWY
Ulises,Cockland,ucocklandi@un.org,Male,9oVIradS
Nanete,Hechlin,nhechlinj@creativecommons.org,Female,STdwKP
Augie,Ponte,apontek@simplemachines.org,Male,bOANSD
Innis,Jedrych,ijedrychl@google.ru,Male,RHwfHK
Augustina,Coetzee,acoetzeem@gravatar.com,Female,mobCnnx4GP30
Fidela,Purveys,fpurveysn@skype.com,Female,Jehpc3tasd
Donny,Glantz,dglantzo@prlog.org,Female,EdaxcEnm
Margery,Camolli,mcamollip@usnews.com,Female,xoXQtzOaF1
Dotty,Ghilks,dghilksq@dot.gov,Female,QkPMLxgZ5PSd
Ignacius,Galier,igalierr@so-net.ne.jp,Male,FrnzKH
Lexi,Bisgrove,lbisgroves@skype.com,Female,KpafXw8
Idelle,McCreedy,imccreedyt@diigo.com,Female,XYYpCrGJ7b0
Georgeanne,Loadwick,gloadwicku@tinyurl.com,Female,PIfHZAq
Dita,Swainsbury,dswainsburyv@behance.net,Female,Yask2KKG0HSe
Pearl,Hadwen,phadwenw@boston.com,Female,b6I7Q6Y
Wynny,Bellord,wbellordx@multiply.com,Female,EqMLZDB
Cordelia,Goodlud,cgoodludy@wix.com,Female,3m7MjTIo5pOR
Lindy,Pranger,lprangerz@de.vu,Agender,Vv0NIH9hci
Eadith,Ingray,eingray10@indiegogo.com,Polygender,Ie2dQoR
Davita,Affuso,daffuso11@gravatar.com,Female,qEFEcFktj9bq
June,Whitewood,jwhitewood12@comcast.net,Female,Rb8TiNzcRFr
Nigel,Mowsdill,nmowsdill13@weather.com,Male,osh4ut
Ermentrude,Jendrusch,ejendrusch14@wikimedia.org,Female,RTYyd3LkmWXS
Rubina,Gribbins,rgribbins15@disqus.com,Female,2pYG3Hmx
Merwin,McGirl,mmcgirl16@nydailynews.com,Male,71HMvs
Elladine,Studeart,estudeart17@newsvine.com,Female,NW7ryHMxiF
Debor,Raeburn,draeburn18@dailymail.co.uk,Female,aBsvqk
Sigismund,Rodgers,srodgers19@cyberchimps.com,Male,CqX4EuhGbbY
Cad,McGovern,cmcgovern1a@sfgate.com,Male,nGXL0QVxyM5
Perkin,Ruddy,pruddy1b@edublogs.org,Male,UUNG9L2kDmnV
Jena,Jeroch,jjeroch1c@dmoz.org,Female,Tu4J01yehf
Arturo,Petrina,apetrina1d@360.cn,Male,JRtg9d
Elonore,Spensley,espensley1e@last.fm,Female,pO0RqafY6kV
Delia,Kilcullen,dkilcullen1f@thetimes.co.uk,Female,4etAG9Ui
Ibbie,Murthwaite,imurthwaite1g@omniture.com,Female,0s4LxR
Nevile,Impey,nimpey1h@samsung.com,Male,WJW4VX1PR0aC
Anabal,Clendening,aclendening1i@time.com,Female,NeiQuKDfQ
Johnathon,Palay,jpalay1j@elegantthemes.com,Male,shfAjnDoh
Hazel,Cherrison,hcherrison1k@princeton.edu,Female,tEAqRSJHfvV6
Viva,Doulton,vdoulton1l@businesswire.com,Bigender,5nOm7w1BCWMZ
Eb,Klass,eklass1m@vkontakte.ru,Male,kp10WDJyGl
Gary,Lochrie,glochrie1n@facebook.com,Male,698JSeXK
Olly,Baselio,obaselio1o@gov.uk,Male,SAtbd9c
Jefferey,Acklands,jacklands1p@hexun.com,Male,DZ02tEeRH7
Reuven,McGriele,rmcgriele1q@jimdo.com,Male,OqrHpjl1sU
Theressa,Barkshire,tbarkshire1r@nasa.gov,Female,OsuHPUAS
Sheffield,Kleinberer,skleinberer1s@google.nl,Male,MtmXtztIzj
Arny,Zellmer,azellmer1t@bloglines.com,Male,wz5AgLm1f
Rycca,Laver,rlaver1u@bbb.org,Genderqueer,bvyBvU
Garwin,Ferreo,gferreo1v@google.nl,Male,CAZ6KlQ
Alfy,Flieg,aflieg1w@nbcnews.com,Female,aaSQpJ
Earl,Ledgard,eledgard1x@tripod.com,Male,R5MvCrC2zusu
Eddy,English,eenglish1y@fastcompany.com,Male,Z1ph2G
Zeke,Tregoning,ztregoning1z@cnn.com,Male,9lob0f
Charis,Morriss,cmorriss20@pen.io,Female,SUHzayyZwz
Allison,Bome,abome21@dailymail.co.uk,Female,AhI8xXF8A
Abramo,Tournay,atournay22@java.com,Male,NtNhNi
Richie,Aggiss,raggiss23@goo.ne.jp,Male,P6swOxC17
Donalt,Spick,dspick24@ycombinator.com,Male,cZ4LUJSjrtql
Sully,Kobpac,skobpac25@disqus.com,Male,26vHmcdg
Sasha,Hearnshaw,shearnshaw26@alibaba.com,Female,LhAclh
Rik,Doolan,rdoolan27@alexa.com,Male,fvvqNF
